{
    "variants": {
        "": { "model": "glassential:block/tinted_reverse_ethereal_glass" }
    },

    "athena:loader": "athena:ctm",
    "ctm_textures": {
        "center": "glassential:block/tinted_reverse_ethereal_glass_ctm/center",
        "empty": "glassential:block/empty",
        "horizontal": "glassential:block/tinted_reverse_ethereal_glass_ctm/horizontal",
        "particle": "glassential:block/tinted_reverse_ethereal_glass",
        "vertical": "glassential:block/tinted_reverse_ethereal_glass_ctm/vertical"
    }
}
