{
	"credit": "Made with Blockbench",
	"texture_size": [32, 32],
	"textures": {
		"0": "zenith:items/hammer",
		"particle": "zenith:items/hammer"
	},
	"elements": [
		{
			"from": [2.25, 0, 2.75],
			"to": [4.25, 1, 4.75],
			"rotation": {"angle": 45, "axis": "y", "origin": [0.25, 0, -0.75]},
			"faces": {
				"north": {"uv": [1, 2.5, 2, 3], "texture": "#0"},
				"east": {"uv": [0, 2.5, 1, 3], "texture": "#0"},
				"south": {"uv": [3, 2.5, 4, 3], "texture": "#0"},
				"west": {"uv": [2, 2.5, 3, 3], "texture": "#0"},
				"up": {"uv": [2, 2.5, 1, 1.5], "texture": "#0"},
				"down": {"uv": [3, 1.5, 2, 2.5], "texture": "#0"}
			}
		},
		{
			"from": [3.25, 0, 1.75],
			"to": [5.25, 1, 3.75],
			"rotation": {"angle": 45, "axis": "y", "origin": [0.25, 0, -0.75]},
			"faces": {
				"north": {"uv": [1, 1, 2, 1.5], "texture": "#0"},
				"east": {"uv": [0, 1, 1, 1.5], "texture": "#0"},
				"south": {"uv": [3, 1, 4, 1.5], "texture": "#0"},
				"west": {"uv": [2, 1, 3, 1.5], "texture": "#0"},
				"up": {"uv": [2, 1, 1, 0], "texture": "#0"},
				"down": {"uv": [3, 0, 2, 1], "texture": "#0"}
			}
		},
		{
			"from": [1.25, 0, 0.75],
			"to": [3.25, 1, 2.75],
			"rotation": {"angle": 45, "axis": "y", "origin": [0.25, 0, -0.75]},
			"faces": {
				"north": {"uv": [1, 4, 2, 4.5], "texture": "#0"},
				"east": {"uv": [0, 4, 1, 4.5], "texture": "#0"},
				"south": {"uv": [3, 4, 4, 4.5], "texture": "#0"},
				"west": {"uv": [2, 4, 3, 4.5], "texture": "#0"},
				"up": {"uv": [2, 4, 1, 3], "texture": "#0"},
				"down": {"uv": [3, 3, 2, 4], "texture": "#0"}
			}
		},
		{
			"from": [0.25, 0, -0.25],
			"to": [2.25, 1, 1.75],
			"rotation": {"angle": 45, "axis": "y", "origin": [0.25, 0, -0.75]},
			"faces": {
				"north": {"uv": [8, 1, 9, 1.5], "texture": "#0"},
				"east": {"uv": [7, 1, 8, 1.5], "texture": "#0"},
				"south": {"uv": [10, 1, 11, 1.5], "texture": "#0"},
				"west": {"uv": [9, 1, 10, 1.5], "texture": "#0"},
				"up": {"uv": [9, 1, 8, 0], "texture": "#0"},
				"down": {"uv": [10, 0, 9, 1], "texture": "#0"}
			}
		},
		{
			"from": [-0.75, 0, -1.25],
			"to": [1.25, 1, 0.75],
			"rotation": {"angle": 45, "axis": "y", "origin": [0.25, 0, -0.75]},
			"faces": {
				"north": {"uv": [1, 4, 2, 4.5], "texture": "#0"},
				"east": {"uv": [0, 4, 1, 4.5], "texture": "#0"},
				"south": {"uv": [3, 4, 4, 4.5], "texture": "#0"},
				"west": {"uv": [2, 4, 3, 4.5], "texture": "#0"},
				"up": {"uv": [2, 4, 1, 3], "texture": "#0"},
				"down": {"uv": [3, 3, 2, 4], "texture": "#0"}
			}
		},
		{
			"name": "head",
			"from": [-2.93718, -0.97272, -4],
			"to": [0.06282, 2.02728, 3],
			"rotation": {"angle": 0, "axis": "y", "origin": [0.06282, 0.27728, -0.75]},
			"faces": {
				"north": {"uv": [4, 4.5, 5.5, 6], "texture": "#0"},
				"east": {"uv": [0.5, 4.5, 4, 6], "texture": "#0"},
				"south": {"uv": [9, 4.5, 10.5, 6], "texture": "#0"},
				"west": {"uv": [5.5, 4.5, 9, 6], "texture": "#0"},
				"up": {"uv": [5.5, 4.5, 4, 1], "texture": "#0"},
				"down": {"uv": [7, 1, 5.5, 4.5], "texture": "#0"}
			}
		},
		{
			"from": [-3, 0, -3.75],
			"to": [-1, 1, -1.75],
			"rotation": {"angle": 45, "axis": "y", "origin": [0.25, 0, -0.75]},
			"faces": {
				"north": {"uv": [8, 1, 9, 1.5], "texture": "#0"},
				"east": {"uv": [7, 1, 8, 1.5], "texture": "#0"},
				"south": {"uv": [10, 1, 11, 1.5], "texture": "#0"},
				"west": {"uv": [9, 1, 10, 1.5], "texture": "#0"},
				"up": {"uv": [9, 1, 8, 0], "texture": "#0"},
				"down": {"uv": [10, 0, 9, 1], "texture": "#0"}
			}
		}
	],
	"display": {
		"thirdperson_righthand": {
			"rotation": [6, 0, -80],
			"translation": [6.25, 1.75, 2.25]
		}
	}
}