{
	"credit": "chaotix shenanigans lolololol",
	"parent": "block/block",
	"render_type": "cutout",
	"texture_size": [32, 32],
	"textures": {
		"1": "zenith:blocks/gem_cutting_table",
		"particle": "zenith:blocks/gem_cutting_table"
	},
	"elements": [
		{
			"from": [0, 0, 0],
			"to": [2, 12, 2],
			"faces": {
				"north": {"uv": [15, 2, 16, 8], "texture": "#1"},
				"east": {"uv": [8, 2, 9, 8], "texture": "#1"},
				"south": {"uv": [16, 2, 15, 8], "texture": "#1"},
				"west": {"uv": [8, 2, 9, 8], "texture": "#1"},
				"up": {"uv": [1.25, 15.5, 1.75, 16], "texture": "#1"},
				"down": {"uv": [15, 2, 16, 3], "texture": "#1"}
			}
		},
		{
			"from": [0, 12, 0],
			"to": [16, 16, 16],
			"faces": {
				"north": {"uv": [8, 0, 16, 2], "texture": "#1"},
				"east": {"uv": [8, 0, 16, 2], "texture": "#1"},
				"south": {"uv": [8, 0, 16, 2], "texture": "#1"},
				"west": {"uv": [8, 0, 16, 2], "texture": "#1"},
				"up": {"uv": [8, 8, 0, 0], "texture": "#1"},
				"down": {"uv": [8, 8, 0, 16], "texture": "#1"}
			}
		},
		{
			"from": [0, 0, 14],
			"to": [2, 12, 16],
			"faces": {
				"north": {"uv": [8, 2, 9, 8], "texture": "#1"},
				"east": {"uv": [15, 2, 16, 8], "texture": "#1"},
				"south": {"uv": [8, 2, 9, 8], "texture": "#1"},
				"west": {"uv": [15, 2, 16, 8], "texture": "#1"},
				"down": {"uv": [15, 2, 16, 3], "texture": "#1"}
			}
		},
		{
			"from": [14, 0, 0],
			"to": [16, 12, 2],
			"faces": {
				"north": {"uv": [8, 2, 9, 8], "texture": "#1"},
				"east": {"uv": [15, 2, 16, 8], "texture": "#1"},
				"south": {"uv": [8, 2, 9, 8], "texture": "#1"},
				"west": {"uv": [15, 2, 16, 8], "texture": "#1"},
				"down": {"uv": [15, 2, 16, 3], "texture": "#1"}
			}
		},
		{
			"from": [14, 0, 14],
			"to": [16, 12, 16],
			"faces": {
				"north": {"uv": [15, 2, 16, 8], "texture": "#1"},
				"east": {"uv": [8, 2, 9, 8], "texture": "#1"},
				"south": {"uv": [15, 2, 16, 8], "texture": "#1"},
				"west": {"uv": [8, 2, 9, 8], "texture": "#1"},
				"down": {"uv": [15, 2, 16, 3], "texture": "#1"}
			}
		},
		{
			"from": [0.5, 10, 2],
			"to": [1.5, 12, 4],
			"faces": {
				"east": {"uv": [14, 2, 15, 3], "texture": "#1"},
				"west": {"uv": [9, 2, 10, 3], "texture": "#1"}
			}
		},
		{
			"from": [0.5, 10, 12],
			"to": [1.5, 12, 14],
			"faces": {
				"east": {"uv": [9, 2, 10, 3], "texture": "#1"},
				"west": {"uv": [14, 2, 15, 3], "texture": "#1"}
			}
		},
		{
			"from": [14.5, 10, 12],
			"to": [15.5, 12, 14],
			"faces": {
				"east": {"uv": [9, 2, 10, 3], "texture": "#1"},
				"west": {"uv": [14, 2, 15, 3], "texture": "#1"}
			}
		},
		{
			"from": [14.5, 10, 2],
			"to": [15.5, 12, 4],
			"faces": {
				"east": {"uv": [14, 2, 15, 3], "texture": "#1"},
				"west": {"uv": [9, 2, 10, 3], "texture": "#1"}
			}
		},
		{
			"from": [12, 10, 0.5],
			"to": [14, 12, 1.5],
			"faces": {
				"north": {"uv": [9, 2, 10, 3], "texture": "#1"},
				"south": {"uv": [14, 2, 15, 3], "texture": "#1"}
			}
		},
		{
			"from": [2, 10, 0.5],
			"to": [4, 12, 1.5],
			"faces": {
				"north": {"uv": [14, 2, 15, 3], "texture": "#1"},
				"south": {"uv": [9, 2, 10, 3], "texture": "#1"}
			}
		},
		{
			"from": [2, 10, 14.5],
			"to": [4, 12, 15.5],
			"faces": {
				"north": {"uv": [14, 2, 15, 3], "texture": "#1"},
				"south": {"uv": [9, 2, 10, 3], "texture": "#1"}
			}
		},
		{
			"from": [12, 10, 14.5],
			"to": [14, 12, 15.5],
			"faces": {
				"north": {"uv": [9, 2, 10, 3], "texture": "#1"},
				"south": {"uv": [14, 2, 15, 3], "texture": "#1"}
			}
		}
	]
}