{
	"credit": "chaotix shenanigans lolololol",
	"parent": "minecraft:block/block",
	"textures": {
		"0": "zenith:blocks/library/side",
		"1": "zenith:blocks/library/top",
		"2": "zenith:blocks/library/side2",
		"3": "zenith:blocks/library/bottom",
		"particle": "zenith:blocks/library/side2"
	},
	"elements": [
		{
			"from": [0, 0, 0],
			"to": [16, 16, 16],
			"rotation": {"angle": 0, "axis": "y", "origin": [8, 9, 8]},
			"faces": {
				"north": {"uv": [0, 0, 16, 16], "texture": "#0"},
				"east": {"uv": [0, 0, 16, 16], "texture": "#2"},
				"south": {"uv": [0, 0, 16, 16], "texture": "#0"},
				"west": {"uv": [0, 0, 16, 16], "texture": "#2"},
				"up": {"uv": [0, 0, 16, 16], "texture": "#1"},
				"down": {"uv": [0, 0, 16, 16], "texture": "#3"}
			}
		}
	]
}