{
	"parent": "block/block",
	"render_type": "cutout",
    "textures": {
        "particle": "zenith:blocks/reforging/table_side",
        "bottom": "zenith:blocks/reforging/table_bottom",
        "top": "zenith:blocks/reforging/table_top",
        "side": "zenith:blocks/reforging/table_side",
        "lit": "zenith:blocks/reforging/table_lit"
    },
    "elements": [
        {   "from": [ 0, 0, 0 ],
            "to": [ 16, 12, 16 ],
            "faces": {
                "down":  { "uv": [ 0, 0, 16, 16 ], "texture": "#bottom", "cullface": "down" },
                "up":    { "uv": [ 0, 0, 16, 16 ], "texture": "#top" },
                "north": { "uv": [ 0, 4, 16, 16 ], "texture": "#side", "cullface": "north" },
                "south": { "uv": [ 0, 4, 16, 16 ], "texture": "#side", "cullface": "south" },
                "west":  { "uv": [ 0, 4, 16, 16 ], "texture": "#side", "cullface": "west" },
                "east":  { "uv": [ 0, 4, 16, 16 ], "texture": "#side", "cullface": "east" }
            }
        },
		{   "from": [ 0, 12, 0 ],
            "to": [ 16, 12, 16 ],
            "faces": {
                "down":  { "uv": [ 0, 0, 16, 16 ], "texture": "#bottom", "cullface": "down" },
                "up":    { "uv": [ 0, 0, 16, 16 ], "texture": "#lit", "emissivity": 15},
                "north": { "uv": [ 0, 4, 16, 16 ], "texture": "#side", "cullface": "north" },
                "south": { "uv": [ 0, 4, 16, 16 ], "texture": "#side", "cullface": "south" },
                "west":  { "uv": [ 0, 4, 16, 16 ], "texture": "#side", "cullface": "west" },
                "east":  { "uv": [ 0, 4, 16, 16 ], "texture": "#side", "cullface": "east" }
            }
        }
    ]
}
